system:index,agbd,agbd_relative_error,agbd_se,agbd_tonnes_per_ha,aspect,delta_ndvi,dry_blue,dry_evi,dry_green,dry_nbr,dry_ndmi,dry_ndvi,dry_nir,dry_nir2,dry_re1,dry_re2,dry_re3,dry_reci,dry_red,dry_savi,dry_swir1,dry_swir2,elevation,l4_quality_flag,lat,lon,sensitivity,slope,vh,vh_vv_diff,vv,wet_evi,wet_ndvi,wet_nir,wet_savi,wet_swir1,.geo
0_0,38.603668,0.4436950849195171,17.128257751464844,38.603668,335.40762,0.06706348,0.04105,0.2555047273499568,0.0703,0.18548961,-0.031448502,0.47115758,0.251,0.2746,0.1351,0.22425,0.25105,0.8069842,0.0868,0.27547856506862867,0.267,0.1722,2020,1,-2.7621847513749107,29.48715428545909,0.9689170122146606,31.92669,-17.125928687768827,-6.21133933896035,-10.914589348808477,0.279521741374811,0.53822106,0.22435,0.29746031746814244,0.20575,"{""type"":""MultiPoint"",""coordinates"":[]}"
1_0,105.179329,0.16278726005282362,17.121854782104492,105.179329,174.28297,0.020124137,0.03005,0.5063364598374007,0.0478,0.6274553,0.30832717,0.81539094,0.2811,0.2897,0.0771,0.22,0.26725,2.523382,0.028299998,0.4649134676642593,0.148,0.06815,2306,1,-2.726341971538542,29.39741258857555,0.9828590154647827,18.023531,-13.860315537001245,-6.195600348498614,-7.6647151885026314,0.47276746961831395,0.8355151,0.26,0.45327548671135065,0.14595,"{""type"":""MultiPoint"",""coordinates"":[]}"
4_0,154.356018,0.11093538765034197,17.123544692993164,154.356018,199.45975,0.02052933,0.0306,0.411588030433401,0.0445,0.56631577,0.2736091,0.77786916,0.2232,0.2437,0.073,0.1864,0.2196,2.0575342,0.027,0.3817117572880202,0.1273,0.0618,2568,1,-2.681336375804154,29.388519267262765,0.9673680067062378,16.270658,-11.794462550277553,-5.025613893143891,-6.7688486571336615,0.3573536780459341,0.7983985,0.1909,0.3569422939561571,0.1153,"{""type"":""MultiPoint"",""coordinates"":[]}"
6_0,49.035152435302734,0.34931175793633107,17.128555297851562,49.035152435302734,150.22879,0.03412372,0.0447,0.5301522794744532,0.0815,0.4211369,0.17645064,0.70304626,0.355,0.3635,0.1318,0.2851,0.3358,1.6689762,0.0615,0.47888570885715187,0.2468,0.1482,2449,1,-2.645493595967785,29.424362047099134,0.9657610058784485,7.4375763,-15.54450376851866,-7.7512319235488505,-7.793271844969809,0.4719489594849618,0.73717,0.2928,0.44528731046295267,0.2169,"{""type"":""MultiPoint"",""coordinates"":[]}"
7_0,408.972778,0.041927506969669265,17.147209,408.972778,314.96988,-0.016228914,0.02,0.4346531789367296,0.0334,0.6349515,0.34578383,0.81530726,0.2378,0.2508,0.0646,0.1845,0.2244,2.6811147,0.0257,0.4124411947750818,0.1156,0.0538,2390,1,-2.6274374587569826,29.424362047099134,0.9715110063552856,41.774273,-14.690838452612066,-4.318991498754512,-10.371846953857554,0.3599003660528387,0.79907835,0.1952,0.362761499728311,0.1123,"{""type"":""MultiPoint"",""coordinates"":[]}"
10_0,37.74446487426758,0.45379602879786063,17.12828826904297,37.74446487426758,208.73083,0.16067928,0.0449,0.44356677456880844,0.0631,0.5700553,0.26972908,0.6818447,0.2948,0.3104,0.1025,0.2395,0.2867,1.8107318,0.0545,0.40153732133696507,0.1631,0.077,1542,1,-2.600488000233397,29.127918003339694,0.9785739779472351,37.787865,-10.825283697227391,-8.407532805494338,-2.4177508917330526,0.576172597903989,0.842524,0.3358,0.5328513510756508,0.1726,"{""type"":""MultiPoint"",""coordinates"":[]}"
11_0,60.485836029052734,0.283133248179443,17.125551223754883,60.485836029052734,341.01157,0.025063157,0.02535,0.4381247876004186,0.02995,0.68898225,0.38812065,0.7925513,0.2412,0.27005,0.05885,0.1849,0.24565,3.1123486,0.02815,0.41963281510028083,0.1047,0.0442,2047,1,-2.5915946789206137,29.460204826935502,0.9617199897766113,28.714748,-14.599358560054611,-4.9939837019233355,-9.605374858131276,0.4666904345869691,0.81761444,0.2621,0.44863015173614174,0.1249,"{""type"":""MultiPoint"",""coordinates"":[]}"
12_0,37.029266357421875,0.46255172421386626,17.127951,37.029266357421875,341.5477,0.13692045,0.0433,0.3130619644961493,0.0619,0.21232307,0.01865672,0.5472901,0.2296,0.2682,0.1013,0.2053,0.2397,1.1559724,0.0639,0.29624185020725385,0.2104,0.1419,1764,1,-2.573808036295047,29.06512576497974,0.9727299809455872,14.358099,-14.11014869940653,-8.332868353030163,-5.777280346376367,0.46897177856134614,0.68421054,0.2928,0.42096261253968037,0.198,"{""type"":""MultiPoint"",""coordinates"":[]}"
13_0,175.005386,0.09782774519271059,17.12038230895996,175.005386,222.90775,-0.08164948,0.0475,0.5546202350445475,0.077,0.52228874,0.21143664,0.72709554,0.3544,0.4049,0.1335,0.3089,0.3504,1.6546817,0.056,0.4957413456858164,0.2391,0.1077,1796,1,-2.573808036295047,29.172923599074082,0.975600004196167,31.750181,-11.203090887581338,-6.746751784702765,-4.456339102878573,0.46489053052509854,0.64544606,0.3541,0.44787186503545395,0.2573,"{""type"":""MultiPoint"",""coordinates"":[]}"
14_0,116.116753,0.14746142358302725,17.12274169921875,116.116753,104.72954,0.090258956,0.0398,0.3705523616121003,0.061,0.29268253,0.09413127,0.6104355,0.26915002,0.30655,0.11225,0.2386,0.2777,1.4157851,0.06485,0.3659522308251998,0.2262,0.1462,1548,1,-2.5557518990842447,29.011226847932566,0.9752309918403625,17.658115,-13.88375599090585,-7.756906474750846,-6.126849516155005,0.39506656950728075,0.70069444,0.2449,0.3841370615609893,0.1729,"{""type"":""MultiPoint"",""coordinates"":[]}"
15_0,60.61245346069336,0.2825300545509208,17.124839782714844,60.61245346069336,39.500446,0.13988358,0.0415,0.3596979536162055,0.0615,0.29849565,0.05240643,0.5819936,0.2632,0.2721,0.114,0.2084,0.2423,1.1573771,0.0655,0.35137086513952165,0.2384,0.1489,1969,1,-2.5557518990842447,29.53215988119348,0.9847890138626099,19.628378,-16.945605393618372,-7.0387264041653985,-9.906878989452974,0.4039233945268691,0.72187716,0.2495,0.39731578403080137,0.1883,"{""type"":""MultiPoint"",""coordinates"":[]}"
16_0,144.546371,0.11844960093074561,17.1214599609375,144.546371,203.2191,0.107368946,0.04135,0.4006122568441689,0.0597,0.39103925,0.20036778,0.64050376,0.26279998,0.2685,0.10275,0.2224,0.2713,1.4550068,0.054750003,0.37518140990685406,0.1711,0.11125,1276,1,-2.546589083186226,29.03817630645615,0.9766589999198914,7.0291657,-13.731946244945092,-7.978223878201197,-5.7537223667438955,0.4644562789594935,0.7478727,0.2773,0.4355193954894442,0.1632,"{""type"":""MultiPoint"",""coordinates"":[]}"
17_0,246.693924,0.06940065499816675,17.12071990966797,246.693924,134.9719,0.018396795,0.01835,0.3686451162454366,0.0309,0.613497,0.30341053,0.8236877,0.19174999,0.19525,0.04965,0.14705,0.18135,2.8499568,0.017450001,0.36313585006117316,0.09935,0.04435,1856,1,-2.5376957618734424,29.145974140550496,0.965287983417511,6.5331097,-14.253944464108876,-6.132742766395282,-8.121201697713595,0.4442639366753495,0.84208447,0.2333,0.42473118455048087,0.1356,"{""type"":""MultiPoint"",""coordinates"":[]}"
19_0,308.481598,0.010640524792957223,3.2824060916900635,308.481598,28.633934,0.40850055,0.0691,0.2495468086222657,0.11135,0.20417252,-0.050352655,0.37528324,0.30085,0.31465,0.2009,0.28075,0.30245,0.5216977,0.13284999,0.25344822497578456,0.31345,0.18535,2052,1,-2.5288024405606593,29.496317101357107,0.9742709994316101,22.085104,-16.49034861430161,-7.127036827627352,-9.363311786674258,0.6062717723872342,0.7837838,0.396,0.5529660986348744,0.231,"{""type"":""MultiPoint"",""coordinates"":[]}"
20_0,52.1129150390625,0.32863605007156094,17.126182556152344,52.1129150390625,36.896698,0.09924039,0.03725,0.24905478981519996,0.05925,0.12492533,-0.023463584,0.45881477,0.22995001,0.2477,0.13225,0.20775,0.23635,0.7631211,0.083749995,0.2631696009112825,0.2427,0.1791,1656,1,-2.5288024405606593,29.648851036600604,0.9553369879722595,13.652836,-15.03837842271784,-6.352733481941009,-8.68564494077683,0.28327255380024574,0.55805516,0.2147,0.29744713770541875,0.1885,"{""type"":""MultiPoint"",""coordinates"":[]}"
21_0,99.19915008544922,0.1726318929420651,17.124937057495117,99.19915008544922,-0.0,0.012028575,0.0183,0.4729533525144709,0.0333,0.6440108,0.32699618,0.8420664,0.2609,0.2704,0.0562,0.1946,0.2404,3.4499087,0.0214,0.4462825660763632,0.1276,0.054,1642,1,-2.5199091192478758,29.082912407605306,0.9675170183181763,22.032898,-14.55036506894316,-6.500885340449251,-8.049479728493909,0.499255746524384,0.854095,0.2694,0.47090817330694124,0.1567,"{""type"":""MultiPoint"",""coordinates"":[]}"
22_0,206.098755,0.08306783911749611,17.12017822265625,206.098755,25.791039,0.042856038,0.0161,0.476941992762696,0.0347,0.63993555,0.31410596,0.83760375,0.2546,0.2781,0.0611,0.195,0.247,3.1669393,0.0225,0.456742686775921,0.1308,0.0559,1711,1,-2.5199091192478758,29.092075223503326,0.9670000076293945,27.536718,-16.61437234486119,-4.358735538648997,-12.255636806212195,0.5311014284418737,0.8804598,0.2863,0.4998757017191423,0.1715,"{""type"":""MultiPoint"",""coordinates"":[]}"
23_0,235.528656,0.07270158360014614,17.123306274414062,235.528656,270.0,0.03884369,0.02435,0.3085827602472492,0.0371,0.5066442,0.17450921,0.7212573,0.16765,0.20765,0.0664,0.15195,0.1871,1.499825,0.02695,0.3075540223483895,0.11445,0.0543,2020,1,-2.4926901661390546,29.074019086292523,0.9839619994163513,11.894914,-9.025052379203734,-7.677897154045036,-1.347155225158698,0.2682350972949651,0.760101,0.1394,0.2743013481621236,0.114,"{""type"":""MultiPoint"",""coordinates"":[]}"
26_0,191.755814,0.08928159045725063,17.120264053344727,191.755814,10.793918,0.030482054,0.04555,0.4528278945963522,0.0688,0.43730175,0.21456635,0.69500816,0.2996,0.30695,0.11765,0.2562,0.2926,1.7257652,0.0581,0.42271771160596716,0.20075,0.12375,1785,1,-2.447954064989902,28.97511457351096,0.9922569990158081,19.089,-13.8447606176529,-7.0268797919488675,-6.817880825704033,0.4551296357426962,0.7254902,0.2948,0.4417844995324843,0.1679,"{""type"":""MultiPoint"",""coordinates"":[]}"
27_0,187.017456,0.09155351062403175,17.12210464477539,187.017456,319.37286,0.030009568,0.02,0.42878800005299356,0.0347,0.6301754,0.30322582,0.8198198,0.2397,0.2688,0.0741,0.2027,0.2467,2.1349528,0.023,0.42060680995414346,0.1242,0.0527,2575,1,-2.447954064989902,29.280721433168424,0.9740260243415833,16.625795,-15.144846088252761,-7.376188789699713,-7.768657298553048,0.4159879792178797,0.8498294,0.2168,0.40686275166253255,0.1179,"{""type"":""MultiPoint"",""coordinates"":[]}"
29_0,198.999619,0.08603063597693764,17.12006378173828,198.999619,91.46749,0.059965253,0.0267,0.49507671482036103,0.0409,0.65826494,0.32503888,0.83522546,0.2764,0.2983,0.0652,0.2307,0.2792,3.1292408,0.0254,0.46052141299636545,0.1359,0.0583,1823,1,-2.4210046064663167,29.15486746186328,0.9782149791717529,32.296753,-15.48186522496305,-6.913987133723262,-8.567878091239788,0.5315084610422746,0.8951907,0.2857,0.5051154022902685,0.1491,"{""type"":""MultiPoint"",""coordinates"":[]}"
30_0,7.2942328453063965,0.40983528593463536,2.989434003829956,7.2942328453063965,243.4548,0.20790964,0.03665,0.31078410425647796,0.0605,0.21642865,-0.010922577,0.5453825,0.24655,0.2748,0.12065,0.2114,0.2436,1.0502796,0.073300004,0.319674370645022,0.25785,0.1625,1507,1,-2.384892332044712,30.54734598377695,0.9621809720993042,12.26155,-16.40585872849632,-7.618163137375397,-8.787695591120922,0.5200950203197751,0.75329214,0.3209,0.4821121565422588,0.2162,"{""type"":""MultiPoint"",""coordinates"":[]}"
31_0,62.18748474121094,0.2754021021617124,17.126564025878906,62.18748474121094,90.0,0.0157758,0.0329,0.4051400538880998,0.04375,0.5917108,0.2822216,0.75881636,0.22755,0.2513,0.07935,0.1872,0.2244,1.8198925,0.03205,0.3847538381620172,0.1268,0.0581,2495,1,-2.3759990107319284,29.289614754481207,0.9710190296173096,8.296134,-15.707809103307712,-6.492135458745027,-9.215673644562685,0.3352445299105028,0.77459216,0.1795,0.3346860284302667,0.1163,"{""type"":""MultiPoint"",""coordinates"":[]}"
32_0,67.82707977294922,0.25247052073225096,17.124338150024414,67.82707977294922,261.03497,0.05398929,0.03055,0.4783713790895981,0.0554,0.54626465,0.25497168,0.73621565,0.28135002,0.30685,0.09605,0.2347,0.2753,1.9540464,0.0436,0.4345618664226437,0.1676,0.08305,2458,1,-2.3759990107319284,29.36156980873918,0.9652249813079834,17.309093,-15.012978440422318,-7.241697542265037,-7.771280898157281,0.45558313668527717,0.79020494,0.2577,0.43311333206414676,0.1433,"{""type"":""MultiPoint"",""coordinates"":[]}"
34_0,104.856453,0.16329108250745158,17.12212371826172,104.856453,348.68057,0.22585699,0.0454,0.26556713598682713,0.06865,0.17571108,-0.03877188,0.4702746,0.2483,0.26635,0.1323,0.2112,0.24155,0.818946,0.09185,0.28221396649601754,0.2624,0.17525,1373,1,-2.3759990107319284,30.771834973278416,0.98260098695755,4.7187533,-15.849685488615858,-6.8104239823063715,-9.039261506309487,0.4602415322655182,0.6961316,0.31105,0.4418254326523221,0.23035,"{""type"":""MultiPoint"",""coordinates"":[]}"
35_0,75.092079,0.2281357664900981,17.131189,75.092079,80.54561,0.036091506,0.0329,0.5763563714076949,0.0617,0.56830126,0.25157234,0.80423814,0.3485,0.3754,0.1086,0.2925,0.3473,2.1500664,0.0369,0.520707714106788,0.2103,0.0986,2015,1,-2.3671056894191453,29.20876637891045,0.9955360293388367,5.6282225,-16.01017613489255,-6.122907141443722,-9.887268993448828,0.6036779607266249,0.84032965,0.3573,0.550996300421513,0.2051,"{""type"":""MultiPoint"",""coordinates"":[]}"
36_0,77.773598,0.22017657271521748,17.123924255371094,77.773598,225.02426,0.20037061,0.0582,0.41033729143899356,0.1036,0.38795656,0.12773208,0.5203452,0.3699,0.388,0.1808,0.3219,0.3743,1.045907,0.1167,0.37660462550189655,0.2324,0.1244,2234,1,-2.357942873521126,29.39741258857555,0.9663119912147522,21.27322,-12.696837410100544,-6.527211135473612,-6.169626274626932,0.4759858050765532,0.7207158,0.3173,0.4589088298737001,0.2035,"{""type"":""MultiPoint"",""coordinates"":[]}"
37_0,16.682573318481445,0.17878482275083912,2.982590913772583,16.682573318481445,26.58447,0.19423506,0.0623,0.2525425960624207,0.0925,0.26651594,0.014986602,0.41153416,0.3217,0.34,0.1603,0.2878,0.3169,0.7126358,0.1051,0.2572328411201477,0.2756,0.1692,2164,1,-2.357942873521126,29.40630590988833,0.9543880224227905,19.901823,-17.19767020535899,-6.68322223292747,-10.514447972431519,0.3996757450300809,0.6057692,0.3006,0.389066784094544,0.2159,"{""type"":""MultiPoint"",""coordinates"":[]}"
38_0,182.773666,0.09369062959041316,17.12417984008789,182.773666,177.79553,-0.002773881,0.03145,0.4224057363506112,0.0401,0.591769,0.30263004,0.74124193,0.2508,0.27635,0.07945,0.19805,0.2476,2.2746418,0.03855,0.40090625155600534,0.13805,0.06695,2114,1,-2.357942873521126,29.41546872578635,0.9905660152435303,22.840523,-14.984905066491882,-7.053714616781216,-7.931190449710666,0.34718078251626683,0.73846805,0.2054,0.3554936932335779,0.1337,"{""type"":""MultiPoint"",""coordinates"":[]}"
40_0,7.9303998947143555,0.37685312244043656,2.988595962524414,7.9303998947143555,233.99571,0.17595619,0.0458,0.37172298703152984,0.069,0.38974857,0.13194172,0.57461214,0.2732,0.2898,0.1129,0.225,0.264,1.3518822,0.0712,0.36101812840712155,0.2154,0.1245,1443,1,-2.357942873521126,30.762941651965633,0.9727320075035095,23.778246,-13.374063288682915,-6.472054136581198,-6.9020091521017175,0.4574787905805608,0.75056833,0.281,0.43576258923850963,0.1756,"{""type"":""MultiPoint"",""coordinates"":[]}"
42_0,58.69145965576172,0.2918558531365729,17.129446029663086,58.69145965576172,323.10696,0.095891714,0.03495,0.21486003585300978,0.0532,0.07460014,-0.074492194,0.43326437,0.2059,0.21915,0.11455,0.1767,0.20325,0.7861516,0.08065,0.23984893990000133,0.24105,0.17535,1505,1,-2.349049552208343,30.511233709355345,0.9877369999885559,4.628763,-15.39329946149112,-6.697178504274424,-8.696120957216696,0.3167839980885596,0.5291561,0.2415,0.30638845117145586,0.2197,"{""type"":""MultiPoint"",""coordinates"":[]}"
44_0,6.519321918487549,0.4587250125420485,2.9905760288238525,6.519321918487549,272.72403,0.23673898,0.0515,0.2824815895797327,0.0748,0.13132556,-0.07732773,0.45659375,0.2644,0.2892,0.1411,0.2291,0.2547,0.77052486,0.0904,0.2827463919945087,0.291,0.1907,1585,1,-2.3401562308955595,30.69098659770766,0.9507089853286743,18.80945,-16.02975590851799,-7.79077216795411,-8.238983740563881,0.46080280772907545,0.69333273,0.2959,0.42968498573543923,0.2426,"{""type"":""MultiPoint"",""coordinates"":[]}"
46_0,37.3570442199707,0.07991042002261838,2.9852170944213867,37.3570442199707,293.18143,0.019596219,0.0317,0.30771705147950307,0.05595,0.18807167,0.036476538,0.569479,0.24195,0.2599,0.1132,0.2129,0.2408,1.1598577,0.0653,0.32594019637412236,0.2222,0.16535,1647,1,-2.3309934149975406,30.60124490082412,0.9704999923706055,7.0329666,-15.920587919944111,-7.335092605759403,-8.585495314184708,0.306746553538958,0.5890752,0.23725,0.31450749719513077,0.2102,"{""type"":""MultiPoint"",""coordinates"":[]}"
50_0,30.505956649780273,0.09778106437657791,2.9829049110412598,30.505956649780273,296.54636,0.11334896,0.0421,0.31532319322518404,0.0647,0.14971377,-0.0051438482,0.52849036,0.256,0.273,0.1196,0.221,0.2497,1.1185185,0.0798,0.32172500059959563,0.2598,0.1856,1523,1,-2.313206772371974,30.63708768066049,0.9602230191230774,4.143335,-16.308145159650444,-6.781993619444684,-9.52615154020576,0.41200800159878354,0.6418393,0.28945,0.3929703047641677,0.24275,"{""type"":""MultiPoint"",""coordinates"":[]}"
52_0,9.594862937927246,0.31128687440133596,2.986754894256592,9.594862937927246,116.54637,0.21821558,0.0574,0.2121151694990362,0.0861,0.019736834,-0.14394201,0.34636265,0.2412,0.2589,0.1482,0.2024,0.2312,0.52870667,0.1167,0.22040534384747196,0.3284,0.2384,1336,1,-2.313206772371974,30.825733890325587,0.9599170088768005,6.201527,-17.101067563809163,-6.074213772523491,-11.026853791285673,0.30848378403507026,0.56457824,0.2315,0.30794196334330454,0.2494,"{""type"":""MultiPoint"",""coordinates"":[]}"
54_0,84.56283569335938,0.20249022900047095,17.12314796447754,84.56283569335938,227.14421,-0.050905347,0.0339,0.38337612746524824,0.05525,0.31578916,0.08426652,0.6526376,0.2528,0.26585,0.10905,0.2144,0.2412,1.4044126,0.053400002,0.37158427414871154,0.21545,0.13145,1468,1,-2.3040439564739548,30.529289846566147,0.9848780035972595,17.192137,-15.339068143246287,-7.586024549566761,-7.753043593679526,0.4535430690512643,0.60173225,0.30304998,0.42283720804792546,0.26115,"{""type"":""MultiPoint"",""coordinates"":[]}"
55_0,88.766258,0.19291997720129753,17.124784469604492,88.766258,26.583593,0.01826948,0.03525,0.5105089330290542,0.05975,0.46727896,0.2209901,0.72525924,0.32590002,0.3421,0.10255,0.2622,0.31465,2.107168,0.05185,0.4816944009246696,0.2067,0.1174,1426,1,-2.3040439564739548,30.664037139184074,0.973846971988678,4.14131,-14.36121941425909,-6.325497698011114,-8.035721716247975,0.49237941994601064,0.7435287,0.3174,0.45970528587937987,0.1931,"{""type"":""MultiPoint"",""coordinates"":[]}"
56_0,36.06889343261719,0.08275013844169436,2.984705924987793,36.06889343261719,125.51576,0.12571785,0.0504,0.21538342213062922,0.06805,0.092975095,-0.10967653,0.3793327,0.22334999,0.24345,0.14,0.1943,0.2161,0.588838,0.09945,0.22454747000916578,0.2758,0.1843,1752,1,-2.3040439564739548,30.699879919020443,0.9667980074882507,7.931793,-17.292584590559557,-5.554133422610379,-11.738451167949178,0.274823051559003,0.50505054,0.218,0.2778355846013631,0.2482,"{""type"":""MultiPoint"",""coordinates"":[]}"
59_0,87.08465576171875,0.19662315714591094,17.122859954833984,87.08465576171875,24.792368,0.082212985,0.0426,0.47595648421952474,0.0667,0.4464838,0.19370738,0.6960082,0.3155,0.3446,0.1159,0.2769,0.3144,1.8593615,0.0615,0.45174480466914824,0.2266,0.1262,1564,1,-2.2770944979503693,29.172923599074082,0.9777380228042603,13.050991,-14.657252340135539,-6.144618004863769,-8.51263433527177,0.5172217686620604,0.7782212,0.3119,0.4813116965364122,0.1959,"{""type"":""MultiPoint"",""coordinates"":[]}"
64_0,15.964722633361816,0.18683825934239234,2.982820987701416,15.964722633361816,-0.0,0.26901388,0.0535,0.21721311312021668,0.0881,0.0784056,-0.094236046,0.3666389,0.2456,0.2711,0.1576,0.213,0.2417,0.5684411,0.1141,0.23043478193265055,0.299,0.2104,1378,1,-2.2770944979503693,30.295638041166658,0.9547820091247559,3.7047918,-16.42503957223196,-5.985145508264086,-10.439894063967873,0.36834413524815357,0.6356528,0.2437,0.36609805156491926,0.20265,"{""type"":""MultiPoint"",""coordinates"":[]}"
68_0,6.985928058624268,0.4279848003007122,2.989871025085449,6.985928058624268,68.76442,0.25741357,0.0732,0.13429435400344825,0.0971,0.052278187,-0.10200486,0.21543227,0.2158,0.2324,0.167,0.1977,0.2139,0.25977817,0.1326,0.13630089143360793,0.2668,0.1949,1490,1,-2.2501450394267835,30.717936056231245,0.9648640155792236,17.372154,-18.302667422142555,-6.838531825548703,-11.464135596593852,0.2821260303994716,0.47284585,0.2408,0.2756964332675697,0.22945,"{""type"":""MultiPoint"",""coordinates"":[]}"
69_0,6.005444049835205,0.4981178830567313,2.9914190769195557,6.005444049835205,90.0,0.35432553,0.047,0.24172393990347285,0.06835,0.04077867,-0.15490642,0.42545366,0.23185,0.25855,0.1312,0.1979,0.22425,0.6835254,0.087850004,0.2515449519766976,0.3158,0.21635,1398,1,-2.2501450394267835,30.771834973278416,0.9722710251808167,1.8557643,-16.985727048607487,-6.604496288175003,-10.381230760432484,0.5141959644315807,0.7797792,0.3177,0.4861224486284964,0.2199,"{""type"":""MultiPoint"",""coordinates"":[]}"
71_0,12.336128234863281,0.24193749261714084,2.984571933746338,12.336128234863281,121.98568,0.16702151,0.0306,0.35081687409825835,0.0503,0.29120398,0.081448905,0.6379629,0.24305001,0.2659,0.0954,0.19595,0.236,1.6054332,0.0546,0.3532376009206042,0.2077,0.13315,1411,1,-2.2412517181140004,30.511233709355345,0.9511119723320007,8.687554,-13.909317206227161,-6.930031426545424,-6.979285779681737,0.5396690712547675,0.8049844,0.3224,0.5049419501851575,0.1768,"{""type"":""MultiPoint"",""coordinates"":[]}"
72_0,43.775501,0.39133618542238835,17.130937576293945,43.775501,254.06618,0.1148639,0.04535,0.1562952788085111,0.0713,0.0019738895,-0.13128532,0.2924332,0.22205,0.245,0.1477,0.2005,0.2291,0.48971024,0.12324999,0.1785568988781577,0.28685,0.2228,1406,1,-2.2412517181140004,30.610138222136904,0.9802089929580688,6.7259493,-15.64217335845544,-7.325628847592222,-8.316544510863217,0.2788774645107983,0.4072971,0.2443,0.287918961649569,0.2395,"{""type"":""MultiPoint"",""coordinates"":[]}"
73_0,8.368968963623047,0.35704099481511026,2.988065004348755,8.368968963623047,243.45248,0.06269032,0.05555,0.4002613552176876,0.0927,0.2957744,0.07344453,0.5598369,0.3291,0.34655,0.14555,0.2807,0.3208,1.2279687,0.09015,0.3814748866286713,0.2756,0.1721,1402,1,-2.2412517181140004,30.65514381787129,0.9595400094985962,2.0742965,-16.39388623988969,-6.325834398646943,-10.068051841242745,0.5196643203493799,0.62252724,0.3936,0.46473778065481663,0.2756,"{""type"":""MultiPoint"",""coordinates"":[]}"
77_0,11.630242347717285,0.2566627481828291,2.9850499629974365,11.630242347717285,56.330006,0.30576888,0.0545,0.17340365759647425,0.0764,0.06687972,-0.09439937,0.3024142,0.2335,0.2443,0.1485,0.198,0.2226,0.4147659,0.1098,0.1804446022108479,0.2684,0.1942,1612,1,-2.2323583968012173,30.74488551475483,0.9608349800109863,6.661569,-17.078154218976337,-6.152240775120735,-10.925913443855602,0.35545277427170624,0.6081831,0.267,0.353837080188047,0.2188,"{""type"":""MultiPoint"",""coordinates"":[]}"
80_0,49.052425384521484,0.3492161281936206,17.129898071289062,49.052425384521484,116.54822,0.040117085,0.03995,0.3669973931158912,0.0625,0.3099294,0.10497329,0.6159822,0.2594,0.27765,0.10795,0.22005,0.254,1.4422814,0.063999996,0.3560394750357871,0.2114,0.13885,1566,1,-2.196246122379612,30.5920820849261,0.9791449904441833,8.243258,-14.926822391574419,-7.984448948023429,-6.94237344355099,0.36840287751645323,0.65609926,0.2436,0.3624072384672607,0.1939,"{""type"":""MultiPoint"",""coordinates"":[]}"
86_0,12.833168983459473,0.2325431148675296,2.984265089035034,12.833168983459473,77.91373,0.16942409,0.02985,0.2186540216261339,0.04965,0.082671165,-0.05981672,0.45042005,0.20025,0.2131,0.11605,0.1765,0.1973,0.7241841,0.07595,0.24052846517394436,0.2177,0.1679,1494,1,-2.178459479754046,30.619031543449687,0.9677019715309143,13.057955,-16.902949087885567,-6.425024104520803,-10.477924983364764,0.3550853230760368,0.61984414,0.2554,0.35834282169826825,0.19235,"{""type"":""MultiPoint"",""coordinates"":[]}"
87_0,10.03515338897705,0.297587977367996,2.9863409996032715,10.03515338897705,291.78714,0.09157741,0.0449,0.36058222185299144,0.07095,0.24676016,0.053358402,0.56572455,0.28350002,0.29515,0.1265,0.23075,0.2624,1.2385006,0.07705,0.3551565117367892,0.25525,0.17085,1628,1,-2.178459479754046,30.78989111048922,0.9630630016326904,9.896018,-14.465177998828477,-8.185139433076003,-6.280038565752474,0.46379969644751023,0.65730196,0.3024,0.43520277232517246,0.2201,"{""type"":""MultiPoint"",""coordinates"":[]}"
89_0,7.019862174987793,0.42590891905414846,2.9898219108581543,7.019862174987793,121.58917,0.2211585,0.05365,0.26428719862497624,0.08115,0.073476836,-0.105729416,0.44223458,0.26115,0.28615,0.15485,0.226,0.2569,0.7004641,0.10185,0.2705630622869336,0.32425,0.22605,1650,1,-2.1692966638560267,30.72682937754403,0.9735900163650513,13.886456,-16.873530467863404,-6.254170144489514,-10.61936032337389,0.473577962057529,0.6633931,0.32105,0.432675232941823,0.26715,"{""type"":""MultiPoint"",""coordinates"":[]}"
90_0,51.50657272338867,0.05810169225779708,2.992619037628174,51.50657272338867,-0.0,0.025858074,0.03205,-0.025151243324573587,0.04235,0.22314128,0.14580809,-0.19937402,0.02115,0.02215,0.041,0.0285,0.02805,-0.44399634,0.03275,-0.027182699621364128,0.01475,0.01165,1332,1,-2.1604033425432436,30.385649232635433,0.9692639708518982,0.0,-28.584884349597466,-5.762191419127234,-22.822692930470232,-0.019606827038675452,-0.17351595,0.0181,-0.02096358476670294,0.0129,"{""type"":""MultiPoint"",""coordinates"":[]}"
92_0,6.100218772888184,0.49035240597929225,2.9912569522857666,6.100218772888184,225.01987,0.15869746,0.06205,0.20822991753145909,0.08935,0.017362896,-0.10591388,0.345992,0.23615,0.26215,0.16225,0.2097,0.2302,0.46393746,0.12035,0.21410934445771151,0.2943,0.2318,1353,1,-2.1334538840196577,30.151997427235948,0.9642120003700256,3.9301999,-16.228370035344753,-6.440938984990279,-9.787431050354474,0.3286653892660073,0.50468946,0.2518,0.3231803344230593,0.2274,"{""type"":""MultiPoint"",""coordinates"":[]}"
95_0,7.503395080566406,0.3983728780815162,2.9891490936279297,7.503395080566406,182.86435,0.028086245,0.02345,0.3663985503034949,0.03775,0.4781509,0.22944888,0.74124944,0.20109999,0.22255,0.06545,0.17225,0.20215,2.1010427,0.030450001,0.3580026533871894,0.1308,0.0717,1498,1,-2.1153977468088554,30.439548149682608,0.9553239941596985,17.960642,-15.573544562609658,-4.676841482266841,-10.896703080342817,0.3591369404626474,0.7693357,0.20295,0.35405910663717677,0.13,"{""type"":""MultiPoint"",""coordinates"":[]}"
96_0,13.808575630187988,0.21607796238792912,2.9837288856506348,13.808575630187988,69.456795,0.108082235,0.0325,0.27287149336394284,0.0535,0.22021432,0.023690697,0.51583755,0.21345,0.23705,0.1065,0.18795,0.21595,0.94464344,0.06815,0.27879316876495935,0.2033,0.13685,1531,1,-2.1153977468088554,30.44844147099539,0.9599930047988892,7.879177,-16.303380355973147,-6.589071607700157,-9.71430874827299,0.32900732150066647,0.6239198,0.2349,0.3430254605633797,0.1908,"{""type"":""MultiPoint"",""coordinates"":[]}"
97_0,10.402565002441406,0.2870461308705266,2.986016035079956,10.402565002441406,321.8238,0.123378634,0.03175,0.3412141330907553,0.0512,0.257793,0.065240204,0.6183509,0.24655,0.26875,0.1017,0.20995,0.24375,1.399195,0.05935,0.34857666926975694,0.2128,0.1454,1591,1,-2.1153977468088554,30.628194359347706,0.9619680047035217,16.081747,-14.794558464533953,-6.743062682110372,-8.051495782423581,0.47291702171566496,0.74172956,0.3017,0.44328594202333205,0.1902,"{""type"":""MultiPoint"",""coordinates"":[]}"
98_0,28.52684211730957,0.10454875948105014,2.9824459552764893,28.52684211730957,50.213474,-0.0010458827,0.0502,0.33368070388962634,0.0712,0.112510465,-0.04967754,0.5393552,0.2726,0.298,0.1269,0.2308,0.2696,1.1532385,0.0793,0.32991825293086324,0.2987,0.2128,1488,1,-2.1065044254960723,29.873609520687307,0.970911979675293,7.20855,-16.438824947255117,-7.014044032227673,-9.424780915027444,0.3824300853963607,0.53830934,0.29245,0.34856565487449664,0.27025,"{""type"":""MultiPoint"",""coordinates"":[]}"
100_0,11.029232025146484,0.2706897534178159,2.9855000972747803,11.029232025146484,85.604256,0.39067432,0.0455,0.18993984629156002,0.0709,0.028411845,-0.14091508,0.31905797,0.20775,0.2262,0.13215,0.1837,0.20355,0.5018067,0.0978,0.1892054068404484,0.27385,0.1948,1474,1,-2.1065044254960723,30.574295442300535,0.971763014793396,11.925865,-16.203853729972753,-6.243381252492149,-9.960472477480604,0.4440747302816397,0.7097323,0.2842,0.4259191760931571,0.21065,"{""type"":""MultiPoint"",""coordinates"":[]}"
101_0,103.855904,0.16486639782559104,17.12234878540039,103.855904,65.86879,0.06937432,0.0502,0.3467470282661785,0.08225,0.32806984,0.13306311,0.5364396,0.29084998,0.30265,0.14475,0.25675,0.28,0.9758644,0.0862,0.3432173185760825,0.22025,0.14455,1832,1,-2.0976111041832888,29.541053202506262,0.9710580110549927,27.23681,-16.42527101857746,-6.493248387166009,-9.932022631411453,0.37247541806991075,0.6058139,0.2762,0.37037914150984885,0.1688,"{""type"":""MultiPoint"",""coordinates"":[]}"
103_0,19.53851890563965,0.15262093375209676,2.9819869995117188,19.53851890563965,38.67838,0.39345247,0.0658,0.17100183518501166,0.0892,-0.035868,-0.1884058,0.27652645,0.2324,0.2587,0.1587,0.2022,0.2277,0.34553778,0.1272,0.17599308345924972,0.3342,0.2497,1322,1,-2.0884482882852695,30.87963280737276,0.9572589993476868,11.714742,-16.61278415019945,-6.210692401290505,-10.402091748908944,0.4241811874674447,0.6699789,0.2911,0.40109361871202975,0.2356,"{""type"":""MultiPoint"",""coordinates"":[]}"
104_0,75.088219,0.22805973064829252,17.124599,75.088219,42.005657,0.14396572,0.0703,0.2529590953414318,0.08335,0.11590145,-0.048749853,0.41344553,0.2102,0.2406,0.11545,0.1856,0.215,0.8095729,0.0837,0.23125598137521558,0.21775,0.1607,1619,1,-2.061498829761684,29.379356451364746,0.9691240191459656,12.28972,-13.879473528671555,-6.861899793657521,-7.017573735014034,0.33764700147268045,0.55741125,0.2238,0.30518160719070914,0.1722,"{""type"":""MultiPoint"",""coordinates"":[]}"
108_0,45.163811,0.37929368284634807,17.130348205566406,45.163811,79.12123,0.06573963,0.042,0.38849774411295246,0.0772,0.30118406,0.075253494,0.6022233,0.3091,0.3333,0.1424,0.2642,0.303,1.178488,0.0815,0.3746180671058971,0.2658,0.1622,2226,1,-2.0437121871361175,29.496317101357107,0.9631239771842957,23.212412,-15.917892880353154,-5.810745353963187,-10.107147526389967,0.41396315947988643,0.6679629,0.2788,0.4014743022575572,0.1985,"{""type"":""MultiPoint"",""coordinates"":[]}"
110_0,9.010028839111328,0.33155831578056033,2.9873499870300293,9.010028839111328,326.2931,0.16358456,0.0462,0.18471510629184762,0.0668,0.3296291,0.11658984,0.3788292,0.2068,0.2246,0.13085,0.18075,0.20285,0.47649974,0.081149995,0.1977206896943342,0.18595,0.11755,1344,1,-2.0437121871361175,30.502340388042562,0.9650359749794006,3.3409793,-16.746422990982452,-6.751938347581643,-9.99448464340081,0.2989356920600872,0.5424138,0.22055,0.29181125549384734,0.1517,"{""type"":""MultiPoint"",""coordinates"":[]}"
111_0,37.2780876159668,0.4594858469824739,17.128753662109375,37.2780876159668,180.0,0.17139643,0.042,0.29858946847364776,0.06475,0.22687493,0.053225417,0.5173175,0.2483,0.2759,0.1239,0.21845,0.25445,1.0318995,0.0758,0.2988948790867638,0.22665,0.1574,1512,1,-2.0345493712380986,30.31369417837746,0.9877650141716003,7.3788605,-14.606489554285904,-6.599197017165242,-8.007292537120662,0.37855057248002116,0.6887139,0.2787,0.37770805497295434,0.1955,"{""type"":""MultiPoint"",""coordinates"":[]}"
112_0,65.77717590332031,0.04564685237427255,3.00252103805542,65.77717590332031,150.23955,0.0041267276,0.0397,0.4463064383306323,0.06035,0.40535018,0.18656507,0.6766436,0.3048,0.3439,0.09715,0.24555,0.3135,2.1565464,0.0589,0.4228010060944001,0.20415,0.12665,1534,1,-2.0345493712380986,30.385649232635433,0.9528650045394897,7.436786,-14.115492623545729,-6.731034711512775,-7.384457912032953,0.4287309521347117,0.68077034,0.2833,0.41527232670464914,0.2046,"{""type"":""MultiPoint"",""coordinates"":[]}"
113_0,8.555112838745117,0.3492472872197288,2.9878499507904053,8.555112838745117,95.039314,-0.08419171,0.0446,0.36633548659709136,0.0616,0.34092715,0.0951969,0.55874103,0.2696,0.282,0.1159,0.216,0.2585,1.1837792,0.0708,0.3390398619223224,0.2285,0.1371,1769,1,-2.025656049925315,29.810547787742117,0.955489993095398,28.936684,-18.473508229399073,-5.025158177670747,-13.448350051728326,0.3491277132351329,0.47454932,0.2627,0.30608756760996203,0.2347,"{""type"":""MultiPoint"",""coordinates"":[]}"
114_0,81.90036010742188,0.036821645941012275,3.0157060623168945,81.90036010742188,84.8088,0.15617955,0.0456,0.32084589122258367,0.07155,0.24873239,0.03749946,0.5005886,0.27395,0.28835,0.1362,0.22875,0.2581,0.9537286,0.09105,0.3230054305441171,0.2543,0.16855,1506,1,-2.025656049925315,30.475390929518976,0.957427978515625,10.143506,-16.523331519607062,-6.230527984769084,-10.292803534837978,0.3810668604909404,0.65676814,0.2518,0.3722988693358581,0.192,"{""type"":""MultiPoint"",""coordinates"":[]}"
117_0,35.32835388183594,0.4848568466262597,17.129194259643555,35.32835388183594,156.35793,0.24236941,0.0597,0.4461557508406215,0.08805,0.31927335,0.06880554,0.57076925,0.3381,0.35805,0.15265,0.28955,0.33785,1.205575,0.08805,0.4066197382150296,0.2931,0.17815,1382,1,-1.9898132700889462,29.990300676094435,0.9501450061798096,15.787437,-14.093293303193281,-5.7669425366207765,-8.326350766572505,0.625725495828604,0.81313866,0.3726,0.5502744083210506,0.2107,"{""type"":""MultiPoint"",""coordinates"":[]}"
119_0,109.446472,0.15644063668803734,17.121875762939453,109.446472,340.0059,0.2363008,0.05565,0.22302788160499887,0.08975,0.15765077,-0.022082174,0.37297454,0.2807,0.29345,0.16335,0.2459,0.2742,0.5871465,0.1158,0.23801352141722984,0.2783,0.18775,1848,1,-1.9806504541909271,29.379356451364746,0.9829199910163879,10.729553,-15.353407971342122,-6.831325279408986,-8.522082691933136,0.37942236451139466,0.60927534,0.2776,0.3731360796361796,0.1827,"{""type"":""MultiPoint"",""coordinates"":[]}"
120_0,15.964722633361816,0.18683825934239234,2.982820987701416,15.964722633361816,326.29413,-0.013404191,0.02875,0.42054366787574937,0.0471,0.43559667,0.19251512,0.7247104,0.26135,0.27435,0.08605,0.2084,0.25245,2.001274,0.04315,0.407760854299538,0.17735,0.10275,1560,1,-1.9806504541909271,30.502340388042562,0.9659410119056702,6.6593137,-13.730029112465527,-7.2140357085998605,-6.515993403865666,0.44590408681211885,0.7113062,0.2727,0.41533691452776855,0.1647,"{""type"":""MultiPoint"",""coordinates"":[]}"
122_0,29.542561,0.10096172511833462,2.982667922973633,29.542561,123.6747,0.110737115,0.0418,0.21829695361260462,0.0673,0.1164134,-0.08779059,0.4125072,0.21685,0.24015,0.1264,0.1956,0.2226,0.7265197,0.0898,0.23747727644356592,0.25995,0.17145,1456,1,-1.9537009956673415,30.65514381787129,0.9609860181808472,6.6607566,-16.760715239327276,-7.636667990806627,-9.124047248520649,0.38397077685399117,0.5232443,0.2714,0.33727416913146874,0.2302,"{""type"":""MultiPoint"",""coordinates"":[]}"
123_0,22.73238182067871,0.1311695382275095,2.9817960262298584,22.73238182067871,-0.0,0.094664484,0.0451,0.21359592841431352,0.06825,0.087875016,-0.073328495,0.41879514,0.21384999,0.2415,0.12335,0.1949,0.2183,0.649512,0.08565,0.2273605280081042,0.2432,0.18075,1544,1,-1.9448076743545581,30.39454255394822,0.9716429710388184,0.0,-16.167423161356737,-7.040649922295,-9.126773239061738,0.29153142065140014,0.5134596,0.2277,0.28936195512315005,0.2234,"{""type"":""MultiPoint"",""coordinates"":[]}"
130_0,95.21376037597656,0.17983059182243902,17.122346878051758,95.21376037597656,174.8027,0.16036284,0.04675,0.3568605070178539,0.07095,0.3252418,0.09529314,0.56752163,0.2799,0.29555,0.1251,0.242,0.2768,1.1419758,0.0699,0.35420252912127936,0.2192,0.1347,1674,1,-1.9089648945181894,29.747755549382163,0.9682430028915405,10.137395,-14.552522174512099,-6.793009307887288,-7.759512866624811,0.5903680113863956,0.7278845,0.3801,0.5104414143581333,0.22415,"{""type"":""MultiPoint"",""coordinates"":[]}"
131_0,23.951562881469727,0.12449442632647839,2.9818360805511475,23.951562881469727,99.457214,0.07487348,0.05835,0.20616192359754548,0.0821,0.1084068,0.0075408393,0.35605973,0.22725,0.2336,0.13715,0.2094,0.2305,0.6041594,0.1037,0.21083781555970096,0.212,0.17315,1611,1,-1.8998020786201701,29.93640175904726,0.9738759994506836,5.626569,-14.904919976931744,-10.309451278119196,-4.595468698812548,0.30897044193930456,0.4309332,0.25665,0.2759594431355872,0.217,"{""type"":""MultiPoint"",""coordinates"":[]}"
134_0,88.69190979003906,0.19305954670552994,17.122819900512695,88.69190979003906,109.64394,0.21269765,0.0692,0.3269792715690666,0.1089,0.21225181,-0.0068024425,0.47613898,0.34325,0.3703,0.2042,0.3089,0.33785,0.6829219,0.12555,0.32343938398331107,0.3455,0.22135,2159,1,-1.8909087573073868,29.541053202506262,0.9832360148429871,13.537159,-16.467854050183487,-5.474717451796337,-10.99313659838715,0.5150236924052689,0.68883663,0.3593,0.47504049839401546,0.2314,"{""type"":""MultiPoint"",""coordinates"":[]}"
137_0,103.983658,0.16467086587779015,17.123079,103.983658,49.859234,0.067843944,0.0602,0.22264209548150363,0.0747,0.15486129,-0.031855654,0.44085172,0.2144,0.2257,0.1105,0.1835,0.2085,0.7171052,0.0729,0.2225318342519862,0.2257,0.1561,2130,1,-1.8820154359946037,29.711912769545794,0.9855530261993408,34.136364,-19.4743935723519,-5.578877185304972,-13.895516387046928,0.29006659618885994,0.50869566,0.2086,0.27139174043221587,0.2049,"{""type"":""MultiPoint"",""coordinates"":[]}"
140_0,68.923653,0.2485043994983841,17.127831,68.923653,250.35587,0.1531015,0.04385,0.3780555005529675,0.06945,0.40610632,0.16703378,0.59330696,0.28185,0.3132,0.1183,0.24655,0.28465,1.2470707,0.06465,0.35951807162032134,0.1938,0.1156,1665,1,-1.8728526200965845,29.68496331102221,0.9942799806594849,13.537039,-13.137395078642289,-7.472056384529743,-5.665338694112545,0.47821039576729274,0.74640846,0.2796,0.4370885034870207,0.1526,"{""type"":""MultiPoint"",""coordinates"":[]}"
141_0,108.875816,0.15725994826105402,17.12180519104004,108.875816,282.79764,0.056687474,0.0484,0.5052981915816807,0.07545,0.5005721,0.23182069,0.6819143,0.35445,0.3785,0.1274,0.29695,0.34635,1.8524308,0.0651,0.45951788630550405,0.2148,0.1144,1779,1,-1.8728526200965845,29.69385663233499,0.9893010258674622,20.07222,-13.337709626439285,-6.926119624329654,-6.411590002109631,0.5507914217090552,0.7386018,0.3432,0.48882431228697243,0.1861,"{""type"":""MultiPoint"",""coordinates"":[]}"
142_0,31.695721,0.09412091032676476,2.9832301139831543,31.695721,68.209145,-0.17012304,0.0255,0.4075017442040721,0.046,0.4970652,0.24196787,0.7504937,0.2522,0.2724,0.0847,0.2071,0.2448,2.0447206,0.0366,0.40297642965970815,0.1592,0.0888,1448,1,-1.8728526200965845,30.502340388042562,0.9657739996910095,4.9843807,-17.16780917057924,-5.799883705239873,-11.367925465339367,0.3202099527568986,0.58037066,0.21615,0.30667113697556825,0.17945,"{""type"":""MultiPoint"",""coordinates"":[]}"
147_0,99.106003,0.1727662775046513,17.122175216674805,99.106003,100.4861,-0.08182186,0.0311,0.4284004749715437,0.0436,0.49430656,0.22855772,0.724983,0.2548,0.2678,0.0816,0.2113,0.2462,2.0391924,0.0394,0.4063646808016174,0.1653,0.087,2078,1,-1.855065977471018,29.72969941217136,0.9788600206375122,41.651577,-19.69559802709803,-5.196219600952272,-14.499378426145757,0.4155538152858052,0.6431611,0.275,0.38287093231159663,0.2179,"{""type"":""MultiPoint"",""coordinates"":[]}"
151_0,88.89995574951172,0.19263810262270223,17.125518798828125,88.89995574951172,-0.0,0.15991494,0.06775,0.2928059009959287,0.0987,0.27588442,0.10437592,0.4225972,0.2547,0.26365,0.15575,0.2243,0.2436,0.725837,0.1091,0.2728659056799948,0.20975,0.1434,1971,1,-1.8459031615729988,29.73886222806938,0.977878987789154,6.464861,-15.172392207979314,-7.796928115112366,-7.375464092866948,0.4726501996486189,0.58251214,0.33209997,0.3905926959282595,0.22765,"{""type"":""MultiPoint"",""coordinates"":[]}"
152_0,21.661421,0.13765533170358607,2.9818100929260254,21.661421,257.91135,0.124503255,0.0608,0.35508386441903844,0.0778,0.31834,0.13482368,0.53225803,0.2645,0.2915,0.1144,0.2247,0.2609,1.3105706,0.0775,0.3149278418576378,0.197,0.1302,1925,1,-1.8459031615729988,30.008356813305237,0.9626700282096863,13.055497,-14.39228454745864,-8.120372302758042,-6.271912244700599,0.42886173637314445,0.6567613,0.3031,0.3710695553131964,0.1888,"{""type"":""MultiPoint"",""coordinates"":[]}"
153_0,70.182503,0.24404098374739655,17.12740707397461,70.182503,213.03732,0.028559804,0.0197,0.3507490892087398,0.0299,0.6474781,0.3329209,0.7770495,0.1825,0.1971,0.046,0.13985,0.18235,3.0164442,0.0231,0.3484355550648992,0.09375,0.03905,2472,1,-1.8370098402602157,29.41546872578635,0.9732000231742859,21.116438,-14.425730243334177,-4.854214300345182,-9.571515942988995,0.3631845184779221,0.8056093,0.1867,0.3535653688475777,0.0979,"{""type"":""MultiPoint"",""coordinates"":[]}"
154_0,81.861351,0.2092257718633899,17.127504348754883,81.861351,9.467099,0.053142935,0.0635,0.27922015770592584,0.09485,0.13158709,-0.054375764,0.41441724,0.27985,0.3063,0.16315,0.24,0.2768,0.68525845,0.1131,0.2719178342751034,0.3066,0.20995,2176,1,-1.8370098402602157,29.568002661029848,0.9622650146484375,21.49804,-16.99441892450266,-6.431171185985704,-10.563247738516957,0.2846176683585877,0.46756017,0.2409,0.27797899252875774,0.234,"{""type"":""MultiPoint"",""coordinates"":[]}"
155_0,111.889252,0.1530231767788755,17.12164878845215,111.889252,240.65483,0.17387497,0.0484,0.3240286937460082,0.069,0.32998887,0.10071116,0.5514469,0.2399,0.2549,0.1107,0.2003,0.2313,1.1517614,0.068,0.31622023007271105,0.1911,0.119,1505,1,-1.8370098402602157,29.68496331102221,0.9749450087547302,16.556374,-16.94466991939765,-5.88650739311378,-11.058162526283871,0.5560931958680472,0.7253219,0.3417,0.4809172926967693,0.2054,"{""type"":""MultiPoint"",""coordinates"":[]}"
157_0,78.74229431152344,0.2174680333420212,17.123931884765625,78.74229431152344,136.83305,-0.014803171,0.0554,0.37071102166223524,0.0768,0.3126233,0.087032385,0.5800493,0.2624,0.295,0.1261,0.2432,0.2798,1.1177408,0.0723,0.3426285063245159,0.2243,0.1376,1916,1,-1.8281165189474324,29.316564213004792,0.9624969959259033,19.550465,-13.470031349828076,-7.630098381643853,-5.839932968184224,0.3379552714137138,0.5652461,0.2369,0.3197333939651746,0.1761,"{""type"":""MultiPoint"",""coordinates"":[]}"
158_0,10.860372543334961,0.27491083538828753,2.9856340885162354,10.860372543334961,41.64802,0.45559573,0.03905,0.05060311431605262,0.0427,-0.24155587,-0.2584833,0.17696106,0.0783,0.0915,0.0713,0.07665,0.0823,0.099274695,0.05535,0.05492044839334229,0.13125,0.12685,1566,1,-1.8281165189474324,30.72682937754403,0.9530760049819946,11.032575,-19.570774113249392,-6.876582622261994,-12.694191490987398,0.4131037763966989,0.6325568,0.2768,0.38344655793190635,0.2054,"{""type"":""MultiPoint"",""coordinates"":[]}"
159_0,6.918302059173584,0.43218262851520234,2.9899699687957764,6.918302059173584,243.4465,-0.05148855,0.0586,0.2940523381008037,0.0825,0.22102086,0.056717716,0.48637894,0.2428,0.2474,0.1339,0.2024,0.2295,0.8939157,0.087,0.28831498949668205,0.2187,0.1523,1893,1,-1.8189537030494132,30.05309291445439,0.9546499848365784,2.073863,-15.509984376189966,-6.963678004491452,-8.546306371698513,0.24002405291397375,0.4348904,0.22025,0.23537596852791978,0.19205,"{""type"":""MultiPoint"",""coordinates"":[]}"
160_0,61.861167907714844,0.27682524514794593,17.124732971191406,61.861167907714844,274.3965,-0.06670302,0.0445,0.4574570773818504,0.0659,0.503901,0.21468928,0.6864654,0.2801,0.2982,0.0999,0.2217,0.2719,1.7977979,0.053,0.40889447615368135,0.1807,0.0922,1729,1,-1.81006038173663,29.30767089169201,0.952331006526947,11.923828,-14.654213681258717,-6.566537757271213,-8.087675923987504,0.38975851654464627,0.61976236,0.259,0.3626494289908869,0.1609,"{""type"":""MultiPoint"",""coordinates"":[]}"
163_0,15.163097381591797,0.19673533899467033,2.98311710357666,15.163097381591797,107.64186,0.13703817,0.0389,0.30316217146679314,0.0634,0.2009145,-0.027945776,0.53624606,0.25059998,0.2689,0.1241,0.2143,0.2438,0.9882816,0.0755,0.31698065375534223,0.261,0.16745,1557,1,-1.81006038173663,30.610138222136904,0.9572470188140869,20.500423,-17.226738017747962,-7.011359274288898,-10.215378743459064,0.4313469853754489,0.67328423,0.2776,0.3989951757197878,0.2333,"{""type"":""MultiPoint"",""coordinates"":[]}"
